{
	"info": {
		"_postman_id": "4b95eb3e-0f89-4483-8067-9c6492aecdae",
		"name": "Api-gatway - Booking Service",
		"schema": "https://schema.getpostman.com/json/collection/v2.1.0/collection.json",
		"_exporter_id": "38560361",
		"_collection_link": "https://group42-1640.postman.co/workspace/21b2ffdd-9445-4b8a-9d24-51591b7d8af5/collection/38560361-4b95eb3e-0f89-4483-8067-9c6492aecdae?action=share&source=collection_link&creator=38560361"
	},
	"item": [
		{
			"name": "Get All Bookings",
			"request": {
				"auth": {
					"type": "oauth2",
					"oauth2": [
						{
							"key": "accessTokenUrl",
							"value": "http://localhost:8080/realms/Group69-RoomBooking-Client/protocol/openid-connect/token",
							"type": "string"
						},
						{
							"key": "tokenName",
							"value": "token assignment",
							"type": "string"
						},
						{
							"key": "clientSecret",
							"value": "z866ShcC4gXYQguJEFgESSRWNXt2PFC9",
							"type": "string"
						},
						{
							"key": "grant_type",
							"value": "client_credentials",
							"type": "string"
						},
						{
							"key": "clientId",
							"value": "spring-client-id",
							"type": "string"
						},
						{
							"key": "addTokenTo",
							"value": "header",
							"type": "string"
						}
					]
				},
				"method": "GET",
				"header": [],
				"url": {
					"raw": "http://localhost:9000/api/booking",
					"protocol": "http",
					"host": [
						"localhost"
					],
					"port": "9000",
					"path": [
						"api",
						"booking"
					]
				}
			},
			"response": []
		},
		{
			"name": "Create Booking",
			"request": {
				"auth": {
					"type": "oauth2",
					"oauth2": [
						{
							"key": "clientSecret",
							"value": "6j903J0a2FzPqXoXhOkY9k4vFq8GxKuX",
							"type": "string"
						},
						{
							"key": "clientId",
							"value": "spring-client-id",
							"type": "string"
						},
						{
							"key": "accessTokenUrl",
							"value": "http://localhost:8080/realms/Group42-RoomBooking-Client/protocol/openid-connect/token",
							"type": "string"
						},
						{
							"key": "grant_type",
							"value": "client_credentials",
							"type": "string"
						},
						{
							"key": "tokenName",
							"value": "assignmentToken",
							"type": "string"
						},
						{
							"key": "addTokenTo",
							"value": "header",
							"type": "string"
						}
					]
				},
				"method": "POST",
				"header": [],
				"body": {
					"mode": "raw",
					"raw": "{ \"ownerId\": 1, \"startTime\": \"2025-01-15T09:00:00\" , \"endTime\": \"2025-01-15T19:00:00\" ,\n\"roomId\": 1, \"purpose\": \"Team Meeting\" , \"roomName\": \"Conference Room A\" ,\n\"userDetails\": { \"userName\": \"John D\" , \"email\": \"john.d.new@example.com\" } }",
					"options": {
						"raw": {
							"language": "json"
						}
					}
				},
				"url": {
					"raw": "http://localhost:9000/api/booking",
					"protocol": "http",
					"host": [
						"localhost"
					],
					"port": "9000",
					"path": [
						"api",
						"booking"
					]
				}
			},
			"response": []
		},
		{
			"name": "Update a Booking",
			"request": {
				"auth": {
					"type": "oauth2",
					"oauth2": [
						{
							"key": "accessTokenUrl",
							"value": "http://localhost:8080/realms/Group69-RoomBooking-Client/protocol/openid-connect/token",
							"type": "string"
						},
						{
							"key": "tokenName",
							"value": "token assignment",
							"type": "string"
						},
						{
							"key": "clientSecret",
							"value": "z866ShcC4gXYQguJEFgESSRWNXt2PFC9",
							"type": "string"
						},
						{
							"key": "grant_type",
							"value": "client_credentials",
							"type": "string"
						},
						{
							"key": "clientId",
							"value": "spring-client-id",
							"type": "string"
						},
						{
							"key": "addTokenTo",
							"value": "header",
							"type": "string"
						}
					]
				},
				"method": "PUT",
				"header": [],
				"body": {
					"mode": "raw",
					"raw": "{ \n    \"userId\": 5, \n    \"startTime\": \"2025-01-19T10:00:00\" , \n    \"endTime\": \"2025-01-19T18:00:00\" ,\n    \"roomId\": 1,\n    \"purpose\": \"Updated Team Meeting\" \n}",
					"options": {
						"raw": {
							"language": "json"
						}
					}
				},
				"url": {
					"raw": "http://localhost:9000/api/booking/6754e03d4f12266ce591e9d7",
					"protocol": "http",
					"host": [
						"localhost"
					],
					"port": "9000",
					"path": [
						"api",
						"booking",
						"6754e03d4f12266ce591e9d7"
					]
				}
			},
			"response": []
		},
		{
			"name": "Delete Booking",
			"request": {
				"auth": {
					"type": "oauth2",
					"oauth2": [
						{
							"key": "accessTokenUrl",
							"value": "http://localhost:8080/realms/Group69-RoomBooking-Client/protocol/openid-connect/token",
							"type": "string"
						},
						{
							"key": "tokenName",
							"value": "token assignment",
							"type": "string"
						},
						{
							"key": "clientSecret",
							"value": "z866ShcC4gXYQguJEFgESSRWNXt2PFC9",
							"type": "string"
						},
						{
							"key": "grant_type",
							"value": "client_credentials",
							"type": "string"
						},
						{
							"key": "clientId",
							"value": "spring-client-id",
							"type": "string"
						},
						{
							"key": "addTokenTo",
							"value": "header",
							"type": "string"
						}
					]
				},
				"method": "DELETE",
				"header": [],
				"url": {
					"raw": "http://localhost:9000/api/booking/67541c9d45f8d9127fa40d8b",
					"protocol": "http",
					"host": [
						"localhost"
					],
					"port": "9000",
					"path": [
						"api",
						"booking",
						"67541c9d45f8d9127fa40d8b"
					]
				}
			},
			"response": []
		}
	]
}