{
	"info": {
		"_postman_id": "3891e63d-5bc8-48b5-9d51-ca9de45b6d4e",
		"name": "Api-gatway - Room Service",
		"schema": "https://schema.getpostman.com/json/collection/v2.1.0/collection.json",
		"_exporter_id": "38560361",
		"_collection_link": "https://group42-1640.postman.co/workspace/21b2ffdd-9445-4b8a-9d24-51591b7d8af5/collection/38560361-3891e63d-5bc8-48b5-9d51-ca9de45b6d4e?action=share&source=collection_link&creator=38560361"
	},
	"item": [
		{
			"name": "Get All Rooms",
			"protocolProfileBehavior": {
				"disableBodyPruning": true
			},
			"request": {
				"auth": {
					"type": "oauth2",
					"oauth2": [
						{
							"key": "accessTokenUrl",
							"value": "http://localhost:8080/realms/Group69-RoomBooking-Client/protocol/openid-connect/token",
							"type": "string"
						},
						{
							"key": "tokenName",
							"value": "token assignment",
							"type": "string"
						},
						{
							"key": "clientSecret",
							"value": "z866ShcC4gXYQguJEFgESSRWNXt2PFC9",
							"type": "string"
						},
						{
							"key": "grant_type",
							"value": "client_credentials",
							"type": "string"
						},
						{
							"key": "clientId",
							"value": "spring-client-id",
							"type": "string"
						},
						{
							"key": "addTokenTo",
							"value": "header",
							"type": "string"
						}
					]
				},
				"method": "GET",
				"header": [],
				"body": {
					"mode": "raw",
					"raw": "",
					"options": {
						"raw": {
							"language": "json"
						}
					}
				},
				"url": {
					"raw": "http://localhost:9000/api/room",
					"protocol": "http",
					"host": [
						"localhost"
					],
					"port": "9000",
					"path": [
						"api",
						"room"
					]
				}
			},
			"response": []
		},
		{
			"name": "Create New Room",
			"request": {
				"auth": {
					"type": "oauth2",
					"oauth2": [
						{
							"key": "accessTokenUrl",
							"value": "http://localhost:8080/realms/Group69-RoomBooking-Client/protocol/openid-connect/token",
							"type": "string"
						},
						{
							"key": "tokenName",
							"value": "token assignment",
							"type": "string"
						},
						{
							"key": "clientSecret",
							"value": "z866ShcC4gXYQguJEFgESSRWNXt2PFC9",
							"type": "string"
						},
						{
							"key": "grant_type",
							"value": "client_credentials",
							"type": "string"
						},
						{
							"key": "clientId",
							"value": "spring-client-id",
							"type": "string"
						},
						{
							"key": "addTokenTo",
							"value": "header",
							"type": "string"
						}
					]
				},
				"method": "POST",
				"header": [],
				"body": {
					"mode": "raw",
					"raw": "{ \n    \"room_name\": \"test oscar\" , \n    \"capacity\": 25, \n    \"features\": \"Projector, Whiteboard\" \n}",
					"options": {
						"raw": {
							"language": "json"
						}
					}
				},
				"url": {
					"raw": "http://localhost:9000/api/room",
					"protocol": "http",
					"host": [
						"localhost"
					],
					"port": "9000",
					"path": [
						"api",
						"room"
					]
				}
			},
			"response": []
		},
		{
			"name": "Update Room",
			"request": {
				"auth": {
					"type": "oauth2",
					"oauth2": [
						{
							"key": "accessTokenUrl",
							"value": "http://localhost:8080/realms/Group69-RoomBooking-Client/protocol/openid-connect/token",
							"type": "string"
						},
						{
							"key": "tokenName",
							"value": "token assignment",
							"type": "string"
						},
						{
							"key": "clientSecret",
							"value": "z866ShcC4gXYQguJEFgESSRWNXt2PFC9",
							"type": "string"
						},
						{
							"key": "grant_type",
							"value": "client_credentials",
							"type": "string"
						},
						{
							"key": "clientId",
							"value": "spring-client-id",
							"type": "string"
						},
						{
							"key": "addTokenTo",
							"value": "header",
							"type": "string"
						}
					]
				},
				"method": "PUT",
				"header": [],
				"body": {
					"mode": "raw",
					"raw": "{ \n    \"room_name\": \"Updated Room melina\" , \n    \"capacity\": 25, \n    \"features\": \"Wi-Fi, Projector\" \n}",
					"options": {
						"raw": {
							"language": "json"
						}
					}
				},
				"url": {
					"raw": "http://localhost:9000/api/room/3",
					"protocol": "http",
					"host": [
						"localhost"
					],
					"port": "9000",
					"path": [
						"api",
						"room",
						"3"
					]
				}
			},
			"response": []
		},
		{
			"name": "Delete Room",
			"request": {
				"auth": {
					"type": "oauth2",
					"oauth2": [
						{
							"key": "clientSecret",
							"value": "6j903J0a2FzPqXoXhOkY9k4vFq8GxKuX",
							"type": "string"
						},
						{
							"key": "clientId",
							"value": "spring-client-id",
							"type": "string"
						},
						{
							"key": "accessTokenUrl",
							"value": "http://localhost:8080/realms/Group42-RoomBooking-Client/protocol/openid-connect/token",
							"type": "string"
						},
						{
							"key": "grant_type",
							"value": "client_credentials",
							"type": "string"
						},
						{
							"key": "tokenName",
							"value": "assignmentToken",
							"type": "string"
						},
						{
							"key": "addTokenTo",
							"value": "header",
							"type": "string"
						}
					]
				},
				"method": "DELETE",
				"header": [],
				"url": {
					"raw": "http://localhost:9000/api/room/6",
					"protocol": "http",
					"host": [
						"localhost"
					],
					"port": "9000",
					"path": [
						"api",
						"room",
						"6"
					]
				}
			},
			"response": []
		}
	]
}