{
	"info": {
		"_postman_id": "81fb3078-1a0f-4ac9-b04a-d9fbee990c28",
		"name": "Api-gatway - Event Service",
		"schema": "https://schema.getpostman.com/json/collection/v2.1.0/collection.json",
		"_exporter_id": "38560361",
		"_collection_link": "https://group42-1640.postman.co/workspace/21b2ffdd-9445-4b8a-9d24-51591b7d8af5/collection/38560361-81fb3078-1a0f-4ac9-b04a-d9fbee990c28?action=share&source=collection_link&creator=38560361"
	},
	"item": [
		{
			"name": "Get All Events",
			"request": {
				"auth": {
					"type": "oauth2",
					"oauth2": [
						{
							"key": "accessTokenUrl",
							"value": "http://localhost:8080/realms/Group69-RoomBooking-Client/protocol/openid-connect/token",
							"type": "string"
						},
						{
							"key": "tokenName",
							"value": "token assignment",
							"type": "string"
						},
						{
							"key": "clientSecret",
							"value": "z866ShcC4gXYQguJEFgESSRWNXt2PFC9",
							"type": "string"
						},
						{
							"key": "grant_type",
							"value": "client_credentials",
							"type": "string"
						},
						{
							"key": "clientId",
							"value": "spring-client-id",
							"type": "string"
						},
						{
							"key": "addTokenTo",
							"value": "header",
							"type": "string"
						}
					]
				},
				"method": "GET",
				"header": [],
				"url": {
					"raw": "http://localhost:9000/api/event",
					"protocol": "http",
					"host": [
						"localhost"
					],
					"port": "9000",
					"path": [
						"api",
						"event"
					]
				}
			},
			"response": []
		},
		{
			"name": "Create New Event",
			"request": {
				"auth": {
					"type": "oauth2",
					"oauth2": [
						{
							"key": "accessTokenUrl",
							"value": "http://localhost:8080/realms/Group69-RoomBooking-Client/protocol/openid-connect/token",
							"type": "string"
						},
						{
							"key": "tokenName",
							"value": "token assignment",
							"type": "string"
						},
						{
							"key": "clientSecret",
							"value": "z866ShcC4gXYQguJEFgESSRWNXt2PFC9",
							"type": "string"
						},
						{
							"key": "grant_type",
							"value": "client_credentials",
							"type": "string"
						},
						{
							"key": "clientId",
							"value": "spring-client-id",
							"type": "string"
						},
						{
							"key": "addTokenTo",
							"value": "header",
							"type": "string"
						}
					]
				},
				"method": "POST",
				"header": [],
				"body": {
					"mode": "raw",
					"raw": "{ \"eventName\": \"Tech Conference 2025\" , \"organizerId\": 1, \"roomId\": 101, \"eventType\":\n\"Conference\" , \"eventStart\": \"2025-02-15T10:00:00\" , \"eventEnd\": \"2025-02-15T17:00:00\" ,\n\"expectedAttendees\": 200 }",
					"options": {
						"raw": {
							"language": "json"
						}
					}
				},
				"url": {
					"raw": "http://localhost:9000/api/event",
					"protocol": "http",
					"host": [
						"localhost"
					],
					"port": "9000",
					"path": [
						"api",
						"event"
					]
				}
			},
			"response": []
		},
		{
			"name": "Delete Event",
			"request": {
				"auth": {
					"type": "oauth2",
					"oauth2": [
						{
							"key": "accessTokenUrl",
							"value": "http://localhost:8080/realms/Group69-RoomBooking-Client/protocol/openid-connect/token",
							"type": "string"
						},
						{
							"key": "tokenName",
							"value": "token assignment",
							"type": "string"
						},
						{
							"key": "clientSecret",
							"value": "z866ShcC4gXYQguJEFgESSRWNXt2PFC9",
							"type": "string"
						},
						{
							"key": "grant_type",
							"value": "client_credentials",
							"type": "string"
						},
						{
							"key": "clientId",
							"value": "spring-client-id",
							"type": "string"
						},
						{
							"key": "addTokenTo",
							"value": "header",
							"type": "string"
						}
					]
				},
				"method": "DELETE",
				"header": [],
				"url": {
					"raw": "http://localhost:9000/api/event/67549f469d382144a0efb72b",
					"protocol": "http",
					"host": [
						"localhost"
					],
					"port": "9000",
					"path": [
						"api",
						"event",
						"67549f469d382144a0efb72b"
					]
				}
			},
			"response": []
		},
		{
			"name": "Update Event",
			"request": {
				"method": "PUT",
				"header": [],
				"body": {
					"mode": "raw",
					"raw": "{ \"eventName\": \"Updated Tech Conference 2025\" , \"userId\": 1, \"roomId\": 101, \"eventType\":\n\"Seminar\" , \"eventStart\": \"2025-02-15T11:00:00\" , \"eventEnd\": \"2025-02-15T16:00:00\" ,\n\"expectedAttendee\": 250 }",
					"options": {
						"raw": {
							"language": "json"
						}
					}
				},
				"url": {
					"raw": "http://localhost:9000/api/event/1",
					"protocol": "http",
					"host": [
						"localhost"
					],
					"port": "9000",
					"path": [
						"api",
						"event",
						"1"
					]
				}
			},
			"response": []
		}
	]
}