{
	"info": {
		"_postman_id": "0021dbbf-2774-425b-b381-8c10ac2c064d",
		"name": "Api-gatway - User Service",
		"schema": "https://schema.getpostman.com/json/collection/v2.1.0/collection.json",
		"_exporter_id": "38560361",
		"_collection_link": "https://group42-1640.postman.co/workspace/21b2ffdd-9445-4b8a-9d24-51591b7d8af5/collection/38560361-0021dbbf-2774-425b-b381-8c10ac2c064d?action=share&source=collection_link&creator=38560361"
	},
	"item": [
		{
			"name": "Get All Users",
			"request": {
				"auth": {
					"type": "oauth2",
					"oauth2": [
						{
							"key": "accessTokenUrl",
							"value": "http://localhost:8080/realms/Group69-RoomBooking-Client/protocol/openid-connect/token",
							"type": "string"
						},
						{
							"key": "tokenName",
							"value": "token assignment",
							"type": "string"
						},
						{
							"key": "clientSecret",
							"value": "z866ShcC4gXYQguJEFgESSRWNXt2PFC9",
							"type": "string"
						},
						{
							"key": "grant_type",
							"value": "client_credentials",
							"type": "string"
						},
						{
							"key": "clientId",
							"value": "spring-client-id",
							"type": "string"
						},
						{
							"key": "addTokenTo",
							"value": "header",
							"type": "string"
						}
					]
				},
				"method": "GET",
				"header": [],
				"url": {
					"raw": "http://localhost:9000/api/users",
					"protocol": "http",
					"host": [
						"localhost"
					],
					"port": "9000",
					"path": [
						"api",
						"users"
					]
				}
			},
			"response": []
		},
		{
			"name": "Create New User",
			"request": {
				"auth": {
					"type": "oauth2",
					"oauth2": [
						{
							"key": "accessTokenUrl",
							"value": "http://localhost:8080/realms/Group69-RoomBooking-Client/protocol/openid-connect/token",
							"type": "string"
						},
						{
							"key": "tokenName",
							"value": "token assignment",
							"type": "string"
						},
						{
							"key": "clientSecret",
							"value": "z866ShcC4gXYQguJEFgESSRWNXt2PFC9",
							"type": "string"
						},
						{
							"key": "grant_type",
							"value": "client_credentials",
							"type": "string"
						},
						{
							"key": "clientId",
							"value": "spring-client-id",
							"type": "string"
						},
						{
							"key": "addTokenTo",
							"value": "header",
							"type": "string"
						}
					]
				},
				"method": "POST",
				"header": [],
				"body": {
					"mode": "raw",
					"raw": "{\n  \"name\": \"melina\",\n  \"email\": \"melina.doe@donotdelete.com\",\n  \"role\": \"student\"\n}\n",
					"options": {
						"raw": {
							"language": "json"
						}
					}
				},
				"url": {
					"raw": "http://localhost:9000/api/users",
					"protocol": "http",
					"host": [
						"localhost"
					],
					"port": "9000",
					"path": [
						"api",
						"users"
					]
				}
			},
			"response": []
		},
		{
			"name": "Update User",
			"request": {
				"auth": {
					"type": "oauth2",
					"oauth2": [
						{
							"key": "accessTokenUrl",
							"value": "http://localhost:8080/realms/Group69-RoomBooking-Client/protocol/openid-connect/token",
							"type": "string"
						},
						{
							"key": "tokenName",
							"value": "token assignment",
							"type": "string"
						},
						{
							"key": "clientSecret",
							"value": "z866ShcC4gXYQguJEFgESSRWNXt2PFC9",
							"type": "string"
						},
						{
							"key": "grant_type",
							"value": "client_credentials",
							"type": "string"
						},
						{
							"key": "clientId",
							"value": "spring-client-id",
							"type": "string"
						},
						{
							"key": "addTokenTo",
							"value": "header",
							"type": "string"
						}
					]
				},
				"method": "PUT",
				"header": [],
				"body": {
					"mode": "raw",
					"raw": "{\n  \"name\": \"John D\",\n  \"email\": \"john.d.new@example.com\",\n  \"role\": \"staff\"\n}\n",
					"options": {
						"raw": {
							"language": "json"
						}
					}
				},
				"url": {
					"raw": "http://localhost:9000/api/users/1",
					"protocol": "http",
					"host": [
						"localhost"
					],
					"port": "9000",
					"path": [
						"api",
						"users",
						"1"
					]
				}
			},
			"response": []
		},
		{
			"name": "Delete User",
			"request": {
				"auth": {
					"type": "oauth2",
					"oauth2": [
						{
							"key": "accessTokenUrl",
							"value": "http://localhost:8080/realms/Group69-RoomBooking-Client/protocol/openid-connect/token",
							"type": "string"
						},
						{
							"key": "tokenName",
							"value": "token assignment",
							"type": "string"
						},
						{
							"key": "clientSecret",
							"value": "z866ShcC4gXYQguJEFgESSRWNXt2PFC9",
							"type": "string"
						},
						{
							"key": "grant_type",
							"value": "client_credentials",
							"type": "string"
						},
						{
							"key": "clientId",
							"value": "spring-client-id",
							"type": "string"
						},
						{
							"key": "addTokenTo",
							"value": "header",
							"type": "string"
						}
					]
				},
				"method": "DELETE",
				"header": [],
				"body": {
					"mode": "raw",
					"raw": "",
					"options": {
						"raw": {
							"language": "json"
						}
					}
				},
				"url": {
					"raw": "http://localhost:9000/api/users/4",
					"protocol": "http",
					"host": [
						"localhost"
					],
					"port": "9000",
					"path": [
						"api",
						"users",
						"4"
					]
				}
			},
			"response": []
		}
	]
}