{
	"info": {
		"_postman_id": "e0f928aa-75af-47db-8994-3c35c859d2cf",
		"name": "Api-gatway - Approval Service",
		"schema": "https://schema.getpostman.com/json/collection/v2.1.0/collection.json",
		"_exporter_id": "38560361",
		"_collection_link": "https://group42-1640.postman.co/workspace/21b2ffdd-9445-4b8a-9d24-51591b7d8af5/collection/38560361-e0f928aa-75af-47db-8994-3c35c859d2cf?action=share&source=collection_link&creator=38560361"
	},
	"item": [
		{
			"name": "Reject Event",
			"request": {
				"auth": {
					"type": "oauth2",
					"oauth2": [
						{
							"key": "accessTokenUrl",
							"value": "http://localhost:8080/realms/Group69-RoomBooking-Client/protocol/openid-connect/token",
							"type": "string"
						},
						{
							"key": "tokenName",
							"value": "token assignment",
							"type": "string"
						},
						{
							"key": "clientSecret",
							"value": "z866ShcC4gXYQguJEFgESSRWNXt2PFC9",
							"type": "string"
						},
						{
							"key": "grant_type",
							"value": "client_credentials",
							"type": "string"
						},
						{
							"key": "clientId",
							"value": "spring-client-id",
							"type": "string"
						},
						{
							"key": "addTokenTo",
							"value": "header",
							"type": "string"
						}
					]
				},
				"method": "PUT",
				"header": [],
				"body": {
					"mode": "raw",
					"raw": "{ \"eventId\": \"6754a4db9d382144a0efb72c\" , \"eventName\": \"Tech Conference 2025\" , \"roomId\": 6,\n\"eventType\": \"Conference\" , \"eventStart\": \"2025-01-15T09:00\" , \"eventEnd\": \"2025-01-15T17:00\" , \n\"expectedAttendees\": 200 }",
					"options": {
						"raw": {
							"language": "json"
						}
					}
				},
				"url": {
					"raw": "http://localhost:9000/api/event/reject/6754a4db9d382144a0efb72c",
					"protocol": "http",
					"host": [
						"localhost"
					],
					"port": "9000",
					"path": [
						"api",
						"event",
						"reject",
						"6754a4db9d382144a0efb72c"
					]
				}
			},
			"response": []
		},
		{
			"name": "Approve Event",
			"request": {
				"auth": {
					"type": "oauth2",
					"oauth2": [
						{
							"key": "accessTokenUrl",
							"value": "http://localhost:8080/realms/Group69-RoomBooking-Client/protocol/openid-connect/token",
							"type": "string"
						},
						{
							"key": "tokenName",
							"value": "token assignment",
							"type": "string"
						},
						{
							"key": "clientSecret",
							"value": "z866ShcC4gXYQguJEFgESSRWNXt2PFC9",
							"type": "string"
						},
						{
							"key": "grant_type",
							"value": "client_credentials",
							"type": "string"
						},
						{
							"key": "clientId",
							"value": "spring-client-id",
							"type": "string"
						},
						{
							"key": "addTokenTo",
							"value": "header",
							"type": "string"
						}
					]
				},
				"method": "PUT",
				"header": [],
				"body": {
					"mode": "raw",
					"raw": "{ \"eventName\": \"Tech Conference 2025\" , \"organizerId\": 5, \"roomId\": 1, \"eventType\":\n\"Conference\" , \"eventStart\": \"2025-01-15T09:00\" , \"eventEnd\": \"2025-01-15T17:00\" ,\n\"expectedAttendees\": 200 }",
					"options": {
						"raw": {
							"language": "json"
						}
					}
				},
				"url": {
					"raw": "http://localhost:9000/api/event/approve/67549f469d382144a0efb72b",
					"protocol": "http",
					"host": [
						"localhost"
					],
					"port": "9000",
					"path": [
						"api",
						"event",
						"approve",
						"67549f469d382144a0efb72b"
					]
				}
			},
			"response": []
		}
	]
}